[
  {
    "name": "指南",
    "path": "/guide",
    "icon": "home",
    "children": [
      { "name": "快速开始", "path": "quick-start" },
      { "divider": true, "name": "工具" },
      { "name": "按需加载", "path": "import" },
      { "name": "在 create-react-app 中使用", "path": "create-react-app" },
      { "name": "在 kkt 中使用", "path": "kkt" },
      { "name": "VSCode 插件", "path": "vscode" },
      { "divider": true, "name": "其它" },
      { "name": "文档编辑预览", "path": "docs" },
      { "name": "更新日志", "path": "https://github.com/uiwjs/uiw/releases" },
      { "name": "社区精选组件", "path": "recommendation" },
      {
        "name": "Awesome UIKit",
        "path": "https://github.com/jaywcjlove/awesome-uikit"
      },
      {
        "name": "Awesome React Components",
        "path": "https://github.com/brillout/awesome-react-components"
      }
    ]
  },
  {
    "name": "组件",
    "path": "/components",
    "icon": "component",
    "children": [
      { "divider": true, "name": "基本" },
      { "name": "Color 颜色", "path": "colors" },
      { "name": "Reset CSS", "path": "reset-css" },
      { "name": "Icon 图标", "path": "icon" },
      { "name": "Button 按钮", "path": "button" },
      { "divider": true, "name": "布局" },
      { "name": "Divider 分割线", "path": "divider" },
      { "name": "Grid 栅格", "path": "grid" },
      { "name": "Layout 布局", "path": "layout" },
      { "name": "Split 面板分割", "path": "Split" },
      { "divider": true, "name": "表单" },
      { "name": "Form 表单", "path": "form" },
      { "name": "Radio 单选框", "path": "radio" },
      { "name": "Checkbox 多选框", "path": "checkbox" },
      { "name": "Cascader 级联选择", "path": "cascader" },
      { "name": "Input 输入框", "path": "input" },
      { "name": "FileInput 上传输入框", "path": "file-input" },
      { "name": "PinCode PIN码", "path": "pin-code" },
      { "name": "Rate 评分", "path": "rate" },
      { "name": "Switch 开关", "path": "switch" },
      { "name": "Select 选择器", "path": "select" },
      { "name": "SearchSelect 搜索选择器", "path": "search-select" },
      { "name": "SearchTree 搜索树形控件", "path": "search-tree" },
      { "name": "Slider 滑块输入条", "path": "slider" },
      { "name": "TreeChecked 树形选择控件", "path": "tree-checked" },
      { "name": "Transfer 穿梭框", "path": "transfer" },
      { "name": "Textarea 多行文本输入框", "path": "textarea" },
      {
        "name": "Color 颜色选择器",
        "path": "https://uiwjs.github.io/react-color/"
      },
      { "divider": true, "name": "时间日历" },
      { "name": "Calendar 日历", "path": "calendar" },
      { "name": "DatePicker 日期选择器", "path": "date-picker" },
      { "name": "DateInput 日期输入框", "path": "date-input" },
      { "name": "TimePicker 时间输入框", "path": "time-picker" },
      { "name": "MonthPicker 月份选择器", "path": "month-picker" },
      { "name": "formatter 时间格式化", "path": "formatter" },
      { "divider": true, "name": "数据显示" },
      { "name": "Avatar 头像", "path": "avatar" },
      { "name": "Badge 标记", "path": "badge" },
      { "name": "Card 卡片", "path": "card" },
      { "name": "Carousel 走马灯", "path": "carousel" },
      { "name": "Collapse 折叠面板", "path": "collapse" },
      { "name": "Descriptions 描述列表", "path": "descriptions" },
      { "name": "Tag 标签", "path": "tag" },
      { "name": "Tree 树形控件", "path": "tree" },
      { "name": "Table 表格", "path": "table" },
      { "name": "Progress 进度条", "path": "progress" },
      { "name": "List 列表", "path": "list" },
      { "name": "AutoLink 文本超链接", "path": "auto-link" },
      { "name": "Empty 空状态", "path": "empty" },
      {
        "name": "HeatMap 日历热图",
        "path": "https://uiwjs.github.io/react-heat-map"
      },
      {
        "name": "Watermark 水印",
        "path": "https://uiwjs.github.io/react-watermark"
      },
      {
        "name": "Markdown Preview",
        "path": "https://uiwjs.github.io/react-markdown-preview/"
      },
      {
        "name": "Keywords",
        "path": "https://uiwjs.github.io/react-keywords"
      },
      {
        "name": "Only When",
        "path": "https://uiwjs.github.io/react-only-when"
      },
      { "divider": true, "name": "导航" },
      { "name": "Affix 图钉", "path": "affix" },
      { "name": "Breadcrumb 面包屑", "path": "breadcrumb" },
      { "name": "Dropdown 下拉菜单", "path": "dropdown" },
      { "name": "Menu 菜单", "path": "menu" },
      { "name": "Pagination 分页", "path": "pagination" },
      { "name": "Steps 步骤条", "path": "steps" },
      { "name": "Tabs 标签页", "path": "tabs" },
      {
        "name": "Tabs Draggable",
        "path": "https://uiwjs.github.io/react-tabs-draggable"
      },
      { "divider": true, "name": "反馈" },
      { "name": "Overlay 基础弹出层", "path": "overlay" },
      { "name": "OverlayTrigger 基础弹出触发", "path": "overlay-trigger" },
      { "name": "Alert 确认对话框", "path": "alert" },
      { "name": "Drawer 抽屉", "path": "drawer" },
      { "name": "Modal 模态对话框", "path": "modal" },
      { "name": "Message 警告提示", "path": "message" },
      { "name": "Loader 加载器", "path": "loader" },
      { "name": "Notify 消息通知", "path": "notify" },
      { "name": "Popover 气泡卡片", "path": "popover" },
      { "name": "Tooltip 文字提示", "path": "tooltip" },
      { "divider": true, "name": "地图" },
      { "name": "AMap 高德地图", "path": "https://uiwjs.github.io/react-amap" },
      {
        "name": "BaiduMap 百度地图",
        "path": "https://uiwjs.github.io/react-baidu-map"
      },
      { "divider": true, "name": "编辑器" },
      {
        "name": "Textarea CodeEditor",
        "path": "https://uiwjs.github.io/react-textarea-code-editor/"
      },
      {
        "name": "MDEditor 编辑器",
        "path": "https://uiwjs.github.io/react-md-editor/"
      },
      {
        "name": "Markdown Editor 编辑器",
        "path": "https://uiwjs.github.io/react-markdown-editor/"
      },
      {
        "name": "CodePreview JS编辑预览",
        "path": "https://uiwjs.github.io/react-code-preview/"
      },
      {
        "name": "Codemirror 代码编辑器",
        "path": "https://uiwjs.github.io/react-codemirror/"
      },
      {
        "name": "MonacoEditor 代码编辑器",
        "path": "https://jaywcjlove.github.io/react-monacoeditor/"
      },
      {
        "name": "Code Preview Layout",
        "path": "https://uiwjs.github.io/react-code-preview-layout"
      },
      { "name": "BackTop 返回顶部", "path": "back-top" },
      {
        "name": "BackToTop 返回顶部",
        "path": "https://uiwjs.github.io/react-back-to-top"
      },
      { "divider": true, "name": "其它" },
      { "name": "CopyToClipboard 复制", "path": "copy-to-clipboard" },
      { "name": "Portal 入口", "path": "portal" },
      {
        "name": "Github Corners",
        "path": "https://uiwjs.github.io/react-github-corners/"
      },
      {
        "name": "Prismjs",
        "path": "https://uiwjs.github.io/react-prismjs"
      },
      {
        "name": "Clock",
        "path": "https://uiwjs.github.io/react-clock"
      },
      {
        "name": "Mac Keyboard",
        "path": "https://uiwjs.github.io/react-mac-keyboard/"
      },
      {
        "name": "Domain Verify",
        "path": "https://uiwjs.github.io/react-domain-verify"
      },
      {
        "name": "Shields",
        "path": "https://uiwjs.github.io/react-shields"
      },
      {
        "name": "Codepen",
        "path": "https://uiwjs.github.io/react-codepen/"
      },
      {
        "name": "Only When",
        "path": "https://uiwjs.github.io/react-only-when/"
      },
      {
        "name": "Run Web",
        "path": "https://uiwjs.github.io/react-run-web/"
      }
    ]
  },
  {
    "name": "扩展",
    "path": "/extensions",
    "icon": "plugin"
  },
  {
    "name": "提交问题",
    "icon": "issue",
    "path": "https://github.com/uiwjs/uiw/issues/new/choose"
  },
  {
    "name": "Github",
    "icon": "github",
    "path": "https://github.com/uiwjs/uiw"
  },
  {
    "name": "Gitee",
    "icon": "gitee",
    "path": "https://gitee.com/uiw/uiw"
  }
]
